{
    "entrys": [
        {
            "inputs": [
                {
                    "name": "_factory",
                    "type": "address"
                },
                {
                    "name": "_WETH",
                    "type": "address"
                }
            ],
            "stateMutability": "Nonpayable",
            "type": "Constructor"
        },
        {
            "outputs": [
                {
                    "type": "address"
                }
            ],
            "name": "WETH",
            "stateMutability": "view",
            "type": "function"
        },
        {
            "outputs": [
                {
                    "name": "amountA",
                    "type": "uint256"
                },
                {
                    "name": "amountB",
                    "type": "uint256"
                },
                {
                    "name": "liquidity",
                    "type": "uint256"
                }
            ],
            "inputs": [
                {
                    "name": "tokenA",
                    "type": "address"
                },
                {
                    "name": "tokenB",
                    "type": "address"
                },
                {
                    "name": "amountADesired",
                    "type": "uint256"
                },
                {
                    "name": "amountBDesired",
                    "type": "uint256"
                },
                {
                    "name": "amountAMin",
                    "type": "uint256"
                },
                {
                    "name": "amountBMin",
                    "type": "uint256"
                },
                {
                    "name": "to",
                    "type": "address"
                },
                {
                    "name": "deadline",
                    "type": "uint256"
                }
            ],
            "name": "addLiquidity",
            "stateMutability": "nonpayable",
            "type": "function"
        },
        {
            "outputs": [
                {
                    "name": "amountToken",
                    "type": "uint256"
                },
                {
                    "name": "amountETH",
                    "type": "uint256"
                },
                {
                    "name": "liquidity",
                    "type": "uint256"
                }
            ],
            "inputs": [
                {
                    "name": "token",
                    "type": "address"
                },
                {
                    "name": "amountTokenDesired",
                    "type": "uint256"
                },
                {
                    "name": "amountTokenMin",
                    "type": "uint256"
                },
                {
                    "name": "amountETHMin",
                    "type": "uint256"
                },
                {
                    "name": "to",
                    "type": "address"
                },
                {
                    "name": "deadline",
                    "type": "uint256"
                }
            ],
            "name": "addLiquidityETH",
            "stateMutability": "payable",
            "type": "function"
        },
        {
            "outputs": [
                {
                    "type": "address"
                }
            ],
            "name": "factory",
            "stateMutability": "view",
            "type": "function"
        },
        {
            "outputs": [
                {
                    "name": "amountIn",
                    "type": "uint256"
                }
            ],
            "inputs": [
                {
                    "name": "amountOut",
                    "type": "uint256"
                },
                {
                    "name": "reserveIn",
                    "type": "uint256"
                },
                {
                    "name": "reserveOut",
                    "type": "uint256"
                }
            ],
            "name": "getAmountIn",
            "stateMutability": "pure",
            "type": "function"
        },
        {
            "outputs": [
                {
                    "name": "amountOut",
                    "type": "uint256"
                }
            ],
            "inputs": [
                {
                    "name": "amountIn",
                    "type": "uint256"
                },
                {
                    "name": "reserveIn",
                    "type": "uint256"
                },
                {
                    "name": "reserveOut",
                    "type": "uint256"
                }
            ],
            "name": "getAmountOut",
            "stateMutability": "pure",
            "type": "function"
        },
        {
            "outputs": [
                {
                    "name": "amounts",
                    "type": "uint256[]"
                }
            ],
            "inputs": [
                {
                    "name": "amountOut",
                    "type": "uint256"
                },
                {
                    "name": "path",
                    "type": "address[]"
                }
            ],
            "name": "getAmountsIn",
            "stateMutability": "view",
            "type": "function"
        },
        {
            "outputs": [
                {
                    "name": "amounts",
                    "type": "uint256[]"
                }
            ],
            "inputs": [
                {
                    "name": "amountIn",
                    "type": "uint256"
                },
                {
                    "name": "path",
                    "type": "address[]"
                }
            ],
            "name": "getAmountsOut",
            "stateMutability": "view",
            "type": "function"
        },
        {
            "outputs": [
                {
                    "name": "pair",
                    "type": "address"
                }
            ],
            "inputs": [
                {
                    "name": "tokenA",
                    "type": "address"
                },
                {
                    "name": "tokenB",
                    "type": "address"
                }
            ],
            "name": "getPairOffChain",
            "stateMutability": "view",
            "type": "function"
        },
        {
            "outputs": [
                {
                    "name": "amountB",
                    "type": "uint256"
                }
            ],
            "inputs": [
                {
                    "name": "amountA",
                    "type": "uint256"
                },
                {
                    "name": "reserveA",
                    "type": "uint256"
                },
                {
                    "name": "reserveB",
                    "type": "uint256"
                }
            ],
            "name": "quote",
            "stateMutability": "pure",
            "type": "function"
        },
        {
            "outputs": [
                {
                    "name": "amountA",
                    "type": "uint256"
                },
                {
                    "name": "amountB",
                    "type": "uint256"
                }
            ],
            "inputs": [
                {
                    "name": "tokenA",
                    "type": "address"
                },
                {
                    "name": "tokenB",
                    "type": "address"
                },
                {
                    "name": "liquidity",
                    "type": "uint256"
                },
                {
                    "name": "amountAMin",
                    "type": "uint256"
                },
                {
                    "name": "amountBMin",
                    "type": "uint256"
                },
                {
                    "name": "to",
                    "type": "address"
                },
                {
                    "name": "deadline",
                    "type": "uint256"
                }
            ],
            "name": "removeLiquidity",
            "stateMutability": "nonpayable",
            "type": "function"
        },
        {
            "outputs": [
                {
                    "name": "amountToken",
                    "type": "uint256"
                },
                {
                    "name": "amountETH",
                    "type": "uint256"
                }
            ],
            "inputs": [
                {
                    "name": "token",
                    "type": "address"
                },
                {
                    "name": "liquidity",
                    "type": "uint256"
                },
                {
                    "name": "amountTokenMin",
                    "type": "uint256"
                },
                {
                    "name": "amountETHMin",
                    "type": "uint256"
                },
                {
                    "name": "to",
                    "type": "address"
                },
                {
                    "name": "deadline",
                    "type": "uint256"
                }
            ],
            "name": "removeLiquidityETH",
            "stateMutability": "nonpayable",
            "type": "function"
        },
        {
            "outputs": [
                {
                    "name": "amountETH",
                    "type": "uint256"
                }
            ],
            "inputs": [
                {
                    "name": "token",
                    "type": "address"
                },
                {
                    "name": "liquidity",
                    "type": "uint256"
                },
                {
                    "name": "amountTokenMin",
                    "type": "uint256"
                },
                {
                    "name": "amountETHMin",
                    "type": "uint256"
                },
                {
                    "name": "to",
                    "type": "address"
                },
                {
                    "name": "deadline",
                    "type": "uint256"
                }
            ],
            "name": "removeLiquidityETHSupportingFeeOnTransferTokens",
            "stateMutability": "nonpayable",
            "type": "function"
        },
        {
            "outputs": [
                {
                    "name": "amountToken",
                    "type": "uint256"
                },
                {
                    "name": "amountETH",
                    "type": "uint256"
                }
            ],
            "inputs": [
                {
                    "name": "token",
                    "type": "address"
                },
                {
                    "name": "liquidity",
                    "type": "uint256"
                },
                {
                    "name": "amountTokenMin",
                    "type": "uint256"
                },
                {
                    "name": "amountETHMin",
                    "type": "uint256"
                },
                {
                    "name": "to",
                    "type": "address"
                },
                {
                    "name": "deadline",
                    "type": "uint256"
                },
                {
                    "name": "approveMax",
                    "type": "bool"
                },
                {
                    "name": "v",
                    "type": "uint8"
                },
                {
                    "name": "r",
                    "type": "bytes32"
                },
                {
                    "name": "s",
                    "type": "bytes32"
                }
            ],
            "name": "removeLiquidityETHWithPermit",
            "stateMutability": "nonpayable",
            "type": "function"
        },
        {
            "outputs": [
                {
                    "name": "amountETH",
                    "type": "uint256"
                }
            ],
            "inputs": [
                {
                    "name": "token",
                    "type": "address"
                },
                {
                    "name": "liquidity",
                    "type": "uint256"
                },
                {
                    "name": "amountTokenMin",
                    "type": "uint256"
                },
                {
                    "name": "amountETHMin",
                    "type": "uint256"
                },
                {
                    "name": "to",
                    "type": "address"
                },
                {
                    "name": "deadline",
                    "type": "uint256"
                },
                {
                    "name": "approveMax",
                    "type": "bool"
                },
                {
                    "name": "v",
                    "type": "uint8"
                },
                {
                    "name": "r",
                    "type": "bytes32"
                },
                {
                    "name": "s",
                    "type": "bytes32"
                }
            ],
            "name": "removeLiquidityETHWithPermitSupportingFeeOnTransferTokens",
            "stateMutability": "nonpayable",
            "type": "function"
        },
        {
            "outputs": [
                {
                    "name": "amountA",
                    "type": "uint256"
                },
                {
                    "name": "amountB",
                    "type": "uint256"
                }
            ],
            "inputs": [
                {
                    "name": "tokenA",
                    "type": "address"
                },
                {
                    "name": "tokenB",
                    "type": "address"
                },
                {
                    "name": "liquidity",
                    "type": "uint256"
                },
                {
                    "name": "amountAMin",
                    "type": "uint256"
                },
                {
                    "name": "amountBMin",
                    "type": "uint256"
                },
                {
                    "name": "to",
                    "type": "address"
                },
                {
                    "name": "deadline",
                    "type": "uint256"
                },
                {
                    "name": "approveMax",
                    "type": "bool"
                },
                {
                    "name": "v",
                    "type": "uint8"
                },
                {
                    "name": "r",
                    "type": "bytes32"
                },
                {
                    "name": "s",
                    "type": "bytes32"
                }
            ],
            "name": "removeLiquidityWithPermit",
            "stateMutability": "nonpayable",
            "type": "function"
        },
        {
            "outputs": [
                {
                    "name": "amounts",
                    "type": "uint256[]"
                }
            ],
            "inputs": [
                {
                    "name": "amountOut",
                    "type": "uint256"
                },
                {
                    "name": "path",
                    "type": "address[]"
                },
                {
                    "name": "to",
                    "type": "address"
                },
                {
                    "name": "deadline",
                    "type": "uint256"
                }
            ],
            "name": "swapETHForExactTokens",
            "stateMutability": "payable",
            "type": "function"
        },
        {
            "outputs": [
                {
                    "name": "amounts",
                    "type": "uint256[]"
                }
            ],
            "inputs": [
                {
                    "name": "amountOutMin",
                    "type": "uint256"
                },
                {
                    "name": "path",
                    "type": "address[]"
                },
                {
                    "name": "to",
                    "type": "address"
                },
                {
                    "name": "deadline",
                    "type": "uint256"
                }
            ],
            "name": "swapExactETHForTokens",
            "stateMutability": "payable",
            "type": "function"
        },
        {
            "inputs": [
                {
                    "name": "amountOutMin",
                    "type": "uint256"
                },
                {
                    "name": "path",
                    "type": "address[]"
                },
                {
                    "name": "to",
                    "type": "address"
                },
                {
                    "name": "deadline",
                    "type": "uint256"
                }
            ],
            "name": "swapExactETHForTokensSupportingFeeOnTransferTokens",
            "stateMutability": "payable",
            "type": "function"
        },
        {
            "outputs": [
                {
                    "name": "amounts",
                    "type": "uint256[]"
                }
            ],
            "inputs": [
                {
                    "name": "amountIn",
                    "type": "uint256"
                },
                {
                    "name": "amountOutMin",
                    "type": "uint256"
                },
                {
                    "name": "path",
                    "type": "address[]"
                },
                {
                    "name": "to",
                    "type": "address"
                },
                {
                    "name": "deadline",
                    "type": "uint256"
                }
            ],
            "name": "swapExactTokensForETH",
            "stateMutability": "nonpayable",
            "type": "function"
        },
        {
            "inputs": [
                {
                    "name": "amountIn",
                    "type": "uint256"
                },
                {
                    "name": "amountOutMin",
                    "type": "uint256"
                },
                {
                    "name": "path",
                    "type": "address[]"
                },
                {
                    "name": "to",
                    "type": "address"
                },
                {
                    "name": "deadline",
                    "type": "uint256"
                }
            ],
            "name": "swapExactTokensForETHSupportingFeeOnTransferTokens",
            "stateMutability": "nonpayable",
            "type": "function"
        },
        {
            "outputs": [
                {
                    "name": "amounts",
                    "type": "uint256[]"
                }
            ],
            "inputs": [
                {
                    "name": "amountIn",
                    "type": "uint256"
                },
                {
                    "name": "amountOutMin",
                    "type": "uint256"
                },
                {
                    "name": "path",
                    "type": "address[]"
                },
                {
                    "name": "to",
                    "type": "address"
                },
                {
                    "name": "deadline",
                    "type": "uint256"
                }
            ],
            "name": "swapExactTokensForTokens",
            "stateMutability": "nonpayable",
            "type": "function"
        },
        {
            "inputs": [
                {
                    "name": "amountIn",
                    "type": "uint256"
                },
                {
                    "name": "amountOutMin",
                    "type": "uint256"
                },
                {
                    "name": "path",
                    "type": "address[]"
                },
                {
                    "name": "to",
                    "type": "address"
                },
                {
                    "name": "deadline",
                    "type": "uint256"
                }
            ],
            "name": "swapExactTokensForTokensSupportingFeeOnTransferTokens",
            "stateMutability": "nonpayable",
            "type": "function"
        },
        {
            "outputs": [
                {
                    "name": "amounts",
                    "type": "uint256[]"
                }
            ],
            "inputs": [
                {
                    "name": "amountOut",
                    "type": "uint256"
                },
                {
                    "name": "amountInMax",
                    "type": "uint256"
                },
                {
                    "name": "path",
                    "type": "address[]"
                },
                {
                    "name": "to",
                    "type": "address"
                },
                {
                    "name": "deadline",
                    "type": "uint256"
                }
            ],
            "name": "swapTokensForExactETH",
            "stateMutability": "nonpayable",
            "type": "function"
        },
        {
            "outputs": [
                {
                    "name": "amounts",
                    "type": "uint256[]"
                }
            ],
            "inputs": [
                {
                    "name": "amountOut",
                    "type": "uint256"
                },
                {
                    "name": "amountInMax",
                    "type": "uint256"
                },
                {
                    "name": "path",
                    "type": "address[]"
                },
                {
                    "name": "to",
                    "type": "address"
                },
                {
                    "name": "deadline",
                    "type": "uint256"
                }
            ],
            "name": "swapTokensForExactTokens",
            "stateMutability": "nonpayable",
            "type": "function"
        },
        {
            "stateMutability": "Payable",
            "type": "Receive"
        }
    ]
}