{
    "ExchangeFactory": "0x51f0722eE4521DdF90328a7b263bE0d03a9Fd9aF",
    "ExchangeRouter": "0x2c7AFeccf2f5722DbA5E3f22F1148ae7283f6eBa",
    "masterchef": "0x21139f9e6Ae70eFb904B8724daeAFdb425b7E6Ea",
    "cakeVault": "0x1F5d3f59d57a63C213B9117a490F6f80aF84b918",
    "WETH": "0xe3d93519a6ef169395beD15D265542E1270766bE",
    "Cake": "0x7ef5091E44063604c67d5a5a2e4b2f265716c29d",
    "SYRUP": "0xDC2a031b8Dc6F95AbaB5aaa9ab82436772fbe7Fd",
    "Usdt": "0x46f6c6083Eb4529C237834B600a52b948A3468bF",
    "PancakeSwapExchangeFactory": "0xca143ce32fe78f1f7019d7d551a6402fc5350c73",
    "PancakeSwapExchangeFactoryV3": "0x0bfbcf9fa4f9c56b0f40a671ad40e0805a091865",
    "PancakeSwapExchangeRouter": "0x10ed43c718714eb63d5aa57b78b54704e256024e",
    "PancakeSwapExchangeRouterV3": "0x46a15b0b27311cedf172ab29e4f4766fbe7f4364",
    "PancakeSwapmasterchef": "0x73feaa1eE314F8c655E354234017bE2193C9E24E",
    "PancakeSwapmasterchefV3": "0x556b9306565093c855aea9ae92a594704c2cd59e",
    "PancakeSwapcakeVault": "0xa80240Eb5d7E05d3F250cF000eEc0891d00b51CC",
    "PancakeSwapWETH": "0x1E7744F00c1cba43f17F69330196dfC296B24B7A",
    "PancakeSwapCake": "0x0e09fabb73bd3ade0a17ecc321fd13a19e81ce82",
    "PancakeSwapSYRUP": "0x009cF7bC57584b7998236eff51b98A168DceA9B0",
    "PancakeSwapUsdt": "0x55d398326f99059ff775485246999027b3197955",
    "PancakeSwapRACA": "0x12bb890508c125661e03b09ec06e404bc9289040",
    "PancakeSwapBUSD": "0xe9e7cea3dedca5984780bafc599bd69add087d56",
    "PancakeSwapWBNB": "0xbb4CdB9CBd36B01bD1cBaEBF2De08d9173bc095c",
    "BiswapExchangeFactory": "0x858E3312ed3A876947EA49d572A7C42DE08af7EE",
    "BiswapExchangeRouter": "0x3a6d8cA21D1CF76F653A67577FA0D27453350dD8",
    "Biswapmasterchef": "0xDbc1A13490deeF9c3C12b44FE77b503c1B061739",
    "BiswapVault": "0x15d4DAeaD3f9E3AcD9FEe82802177f337eF1E2FA",
    "BiswapBSW": "0x965F527D9159dCe6288a2219DB51fc6Eef120dD1",
    "BiswapUsdt": "0x55d398326f99059fF775485246999027B3197955",
    "BiswapWBNB": "0xbb4CdB9CBd36B01bD1cBaEBF2De08d9173bc095c",
    "SushiSwapExchangeFactory": "0xC0AEe478e3658e2610c5F7A4A2E1777cE9e4f2Ac",
    "SushiSwapExchangeRouter": "0xd9e1ce17f2641f24ae83637ab66a2cca9c378b9f",
    "SushiSwapmasterchef": "0xc2EdaD668740f1aA35E4D8f227fB8E17dcA888Cd",
    "SushiSwapVault": "",
    "SushiSwapSushi": "0x6B3595068778DD592e39A122f4f5a5cF09C90fE2",
    "SushiSwapUsdt": "0xdAC17F958D2ee523a2206206994597C13D831ec7",
    "SushiSwapUsdc": "0xa0b86991c6218b36c1d19d4a2e9eb0ce3606eb48",
    "SushiSwapIlv": "0x767FE9EDC9E0dF98E07454847909b5E959D7ca0E",
    "SushiSwapAave": "0x7Fc66500c84A76Ad7e9c93437bFc5Ac33E2DDaE9",
    "SushiSwapWETH": "0xC02aaA39b223FE8D0A0e5C4F27eAD9083C756Cc2",
    "SpookySwapExchangeFactory": "0x152eE697f2E276fA89E96742e9bB9aB1F2E61bE3",
    "SpookySwapExchangeRouter": "0xF491e7B69E4244ad4002BC14e878a34207E38c29",
    "SpookySwapmasterchef": "0x2b2929E785374c651a81A63878Ab22742656DcDd",
    "SpookySwapVault": "",
    "SpookySwapFUsdt": "0x049d68029688eAbF473097a2fC38ef61633A3C7A",
    "SpookySwapUsdt": "0x1B27A9dE6a775F98aaA5B90B62a4e2A0B84DbDd9",
    "SpookySwapUsdc": "0x04068DA6C83AFCFA0e13ba15A6696662335D5B75",
    "SpookySwapDAI": "0x8D11eC38a3EB5E956B052f67Da8Bdc9bef8Abf3E",
    "SpookySwapDeus": "0xDE5ed76E7c05eC5e4572CfC88d1ACEA165109E44",
    "SpookySwapWETH": "0x74b23882a30290451A17c44f4F05243b6b58C76d",
    "SpookySwapWFTM": "0x21be370D5312f44cB42ce377BC9b8a0cEF1A4C83",
    "BeethonvenExchangeFactory": "0x55df810876354Fc3e249f701Dd78DeDE57991F8D",
    "BeethonvenExchangeRouter": "",
    "Beethonvenpmasterchef": "0x8166994d9ebbe5829ec86bd81258149b87facfd3",
    "BeethonvenpVault": "0x20dd72Ed959b6147912C2e529F0a0C651c33c9ce",
    "BeethonvenpFUsdt": "0x049d68029688eAbF473097a2fC38ef61633A3C7A",
    "BeethonvenpUsdt": "0x1B27A9dE6a775F98aaA5B90B62a4e2A0B84DbDd9",
    "BeethonvenpUsdc": "0x04068DA6C83AFCFA0e13ba15A6696662335D5B75",
    "BeethonvenpDAI": "0x8D11eC38a3EB5E956B052f67Da8Bdc9bef8Abf3E",
    "BeethonvenpDeus": "0xDE5ed76E7c05eC5e4572CfC88d1ACEA165109E44",
    "BeethonvenpWETH": "0x74b23882a30290451A17c44f4F05243b6b58C76d",
    "BeethonvenpWFTM": "0x21be370D5312f44cB42ce377BC9b8a0cEF1A4C83",
    "VectorFinanceExchangeFactory": "",
    "VectorFinanceExchangeRouter": "",
    "VectorFinancepmasterchef": "0x423D0FE33031aA4456a17b150804aA57fc157d97",
    "VectorFinancepVault": "",
    "VectorFinancepWAvax": "0xB31f66AA3C1e785363F0875A1B74E27b85FD66c7",
    "VectorFinancepAvax": "0xB31f66AA3C1e785363F0875A1B74E27b85FD66c7",
    "VectorFinancepUsdt": "0xc7198437980c041c805a1edcba50c1ce5db95118",
    "VectorFinancepUsdc": "0xb97ef9ef8734c71904d8002f8b6bc66dd9c48a6e",
    "VectorFinancepJoe": "0x6e84a6216eA6dACC71eE8E6b0a5B7322EEbC0fDd",
    "VectorFinanceVTX": "0x5817d4f0b62a59b17f75207da1848c2ce75e7af4",
    "vectorFinanceBUSD": "0xaeb044650278731ef3dc244692ab9f64c78ffaea",
    "TradeJoeExchangeFactory": "0x9ad6c38be94206ca50bb0d90783181662f0cfa10",
    "TradeJoeExchangeRouter": "0x60aE616a2155Ee3d9A68541Ba4544862310933d4",
    "TradeJoemasterchef": "0xd6a4F121CA35509aF06A0Be99093d08462f53052",
    "TradeJoeVault": "",
    "TradeJoeWAvax": "0xB31f66AA3C1e785363F0875A1B74E27b85FD66c7",
    "TradeJoeAvax": "0xB31f66AA3C1e785363F0875A1B74E27b85FD66c7",
    "TradeJoeUsdt": "0xc7198437980c041c805a1edcba50c1ce5db95118",
    "TradeJoeUsdc": "0xb97ef9ef8734c71904d8002f8b6bc66dd9c48a6e",
    "TradeJoeJoe": "0x6e84a6216eA6dACC71eE8E6b0a5B7322EEbC0fDd",
    "TradeJoeVTX": "0x5817d4f0b62a59b17f75207da1848c2ce75e7af4",
    "TradeJoeBUSD": "0xaeb044650278731ef3dc244692ab9f64c78ffaea",
    "PANGOLINExchangeFactory": "0xefa94DE7a4656D787667C749f7E1223D71E9FD88",
    "PANGOLINExchangeRouter": "0xe54ca86531e17ef3616d22ca28b0d458b6c89106",
    "PANGOLINmasterchef": "0x8AC8ED5839ba269Be2619FfeB3507baB6275C257",
    "PANGOLINVault": "",
    "PANGOLINWAvax": "0xB31f66AA3C1e785363F0875A1B74E27b85FD66c7",
    "PANGOLINAvax": "0xB31f66AA3C1e785363F0875A1B74E27b85FD66c7",
    "PANGOLINUsdt": "0xc7198437980c041c805a1edcba50c1ce5db95118",
    "PANGOLINUsdc": "0xb97ef9ef8734c71904d8002f8b6bc66dd9c48a6e",
    "PANGOLINJoe": "0x6e84a6216eA6dACC71eE8E6b0a5B7322EEbC0fDd",
    "PANGOLINVTX": "0x5817d4f0b62a59b17f75207da1848c2ce75e7af4",
    "PANGOLINPNG": "0x5817d4f0b62a59b17f75207da1848c2ce75e7af4",
    "PANGOLINBUSD": "0xaeb044650278731ef3dc244692ab9f64c78ffaea",
    "SUNIoExchangeFactory": "TKWJdrQkqHisa1X8HUdHEfREvTzw4pMAaY",
    "SUNIoExchangeRouter": "TKzxdSv2FZKQrEqkKVgp5DcwEXBEKMg2Ax",
    "SUNIomasterchef": "",
    "SUNIoVault": "",
    "SUNIoUsdd": "TPYmHEhy5n8TCEfYGqW2rPxsghSfzghPDn",
    "SUNIoUsdt": "TR7NHqjeKQxGTCi8q8ZY4pL8otSzgjLj6t",
    "SUNIoTrx": "TNUC9Qb1rRpS5CbWLmNMxXBjyFoydXjWFR"
}